date,year,month,day,protocol,attack_type,loss_raw,loss_usd_approx,source
20260327,2026,3,27,EST Token,Incorrect Token Burn Mechanism,150.2 WBNB,60080.0,DeFiHackLabs
20260315,2026,3,15,Venus THE,Borrowbehalf + Donation Attack,"913,858.263360521396654198 CAKE + 1,972.530910582753621682 WBNB",2284646.0,DeFiHackLabs
20260310,2026,3,10,AlkemiEarn,Business Logic,43.45 ETH,108625.0,DeFiHackLabs
20260302,2026,3,2,Curve LlamaLend,Share Price Manipulation,"~240,000 US$",240000.0,DeFiHackLabs
20260222,2026,2,22,LAXO Token,Incorrect Burn Logic,"~137,000 US$",137000.0,DeFiHackLabs
20260215,2026,2,15,Moonwell,Faulty Oracle,1.78M USD,1780000.0,DeFiHackLabs
20260120,2026,1,20,SynapLogic,Business Logic,27.6 ETH & 3450 USDC,3450.0,DeFiHackLabs
20260120,2026,1,20,Makina,Price Oracle Manipulation,5.1M USD,5100000.0,DeFiHackLabs
20260112,2026,1,12,MTToken,Incorrect Fee Logic,37K USD,37000.0,DeFiHackLabs
20260110,2026,1,10,FutureSwap,Unit Mismatch,433K USD,433000.0,DeFiHackLabs
20260109,2026,1,9,Truebit,Overflow,8540ETH,,DeFiHackLabs
20260101,2026,1,1,PRXVT,Bussiness Logic Flaw,32.8 ETH,82000.0,DeFiHackLabs
20251201,2025,12,1,yETH,Unsafe Math,9M USD,9000000.0,DeFiHackLabs
20251110,2025,11,10,DRLVaultV3,Price Manipulation,100k USD,100000.0,DeFiHackLabs
20251104,2025,11,4,Moonwell,Faulty Oracle,1M USD,1000000.0,DeFiHackLabs
20251103,2025,11,3,BalancerV2,Precision Loss,120M USD,120000000.0,DeFiHackLabs
20251020,2025,10,20,SharwaFinance,Post Insolvency Check,"146,000 USD",146000.0,DeFiHackLabs
20251007,2025,10,7,TokenHolder,Access Control Flaw,20 WBNB,8000.0,DeFiHackLabs
20251004,2025,10,4,Abracadabra,Business Logic,1.8M USD,1800000.0,DeFiHackLabs
20251004,2025,10,4,MIMSpell3,Bypassed Insolvency Check,1.7M USD,1700000.0,DeFiHackLabs
20250918,2025,9,18,NGP,Price Manipulation,2M USD,2000000.0,DeFiHackLabs
20250913,2025,9,13,Kame,Arbitary External Call,18167.8 USD,18168.0,DeFiHackLabs
20250830,2025,8,30,EverValueCoin,Arbitrage,100k USD,100000.0,DeFiHackLabs
20250831,2025,8,31,Hexotic,Incorrect Input Validation,500 USD,500.0,DeFiHackLabs
20250827,2025,8,27,0xf340,Access Control Flaw,4k USD,4000.0,DeFiHackLabs
20250823,2025,8,23,ABCCApp,Lack Of Access Control,~ $10.1K,,DeFiHackLabs
20250820,2025,8,20,MulticallWithXera,Access Control Flaw,17k USD,17000.0,DeFiHackLabs
20250820,2025,8,20,0x8d2e,Access Control Flaw,40k USDC,40000.0,DeFiHackLabs
20250816,2025,8,16,d3xai,Price Manipulation,190 BNB,76000.0,DeFiHackLabs
20250815,2025,8,15,PDZ,Price Manipulation,3.3 BNB,1320.0,DeFiHackLabs
20250815,2025,8,15,SizeCredit,Access Control Flaw,19.7k USD,19700.0,DeFiHackLabs
20250813,2025,8,13,YuliAI,Price Manipulation,78k USDT,78000.0,DeFiHackLabs
20250813,2025,8,13,coinbase,Misconfiguration,300k USD,300000.0,DeFiHackLabs
20250813,2025,8,13,Grizzifi,Business Logic,61k USD,61000.0,DeFiHackLabs
20250812,2025,8,12,Bebop,Arbitrary User Input,21k USD,21000.0,DeFiHackLabs
20250811,2025,8,11,WXC,Incorrect Token Burn Mechanism,37.5 WBNB,15000.0,DeFiHackLabs
20250728,2025,7,28,SuperRare,Access Control Flaw,730K USD,730000.0,DeFiHackLabs
20250726,2025,7,26,MulticallWithETH,Arbitrary-Call,10K USD,10000.0,DeFiHackLabs
20250724,2025,7,24,SWAPPStaking,Incorrect Reward Calculation,"$32,196.28",,DeFiHackLabs
20250720,2025,7,20,Stepp2p,Business Logic,43k USD,43000.0,DeFiHackLabs
20250717,2025,7,17,WETC,Incorrect Burn Logic,101k USD,101000.0,DeFiHackLabs
20250716,2025,7,16,VDS,Business Logic,13k USD,13000.0,DeFiHackLabs
20250709,2025,7,9,GMX,Share Price Manipulation,41M USD,41000000.0,DeFiHackLabs
20250705,2025,7,5,Unverified,Access Control Flaw,~ $285.7K,,DeFiHackLabs
20250705,2025,7,5,RANT,Business Logic,~ $204K,,DeFiHackLabs
20250702,2025,7,2,FPC,Business Logic,4.7M USDT,4700000.0,DeFiHackLabs
20250629,2025,6,29,Stead,Access Control Flaw,14.5k USD,14500.0,DeFiHackLabs
20250626,2025,6,26,ResupplyFi,Share Price Manipulation,9.6M USD,9600000.0,DeFiHackLabs
20250625,2025,6,25,Unverified_b5cb,Access Control Flaw,2M USD,2000000.0,DeFiHackLabs
20250623,2025,6,23,GradientMakerPool,Price Oracle Manipulation,5k USD,5000.0,DeFiHackLabs
20250620,2025,6,20,Gangsterfinance,Incorrect Dividends,16.5k USD,16500.0,DeFiHackLabs
20250619,2025,6,19,BankrollStack,Incorrect Dividends Calculation,5k USD,5000.0,DeFiHackLabs
20250619,2025,6,19,BankrollNetwork,Incorrect Dividends Calculation,24.5 WBNB,9800.0,DeFiHackLabs
20250617,2025,6,17,MetaPool,Access Control Flaw,25k USD,25000.0,DeFiHackLabs
20250612,2025,6,12,AAVEBoost,Business Logic,14.8K USD,14800.0,DeFiHackLabs
20250610,2025,6,10,Unverified_8490,Access Control Flaw,48.3K USD,48300.0,DeFiHackLabs
20250528,2025,5,28,Corkprotocol,Access Control Flaw,12M USD,12000000.0,DeFiHackLabs
20250527,2025,5,27,UsualMoney,Arbitrage,43k USD,43000.0,DeFiHackLabs
20250526,2025,5,26,YDT,Business Logic,41k USD,41000.0,DeFiHackLabs
20250524,2025,5,24,RICE,Lack Of Access Control,~ $88.1K,,DeFiHackLabs
20250520,2025,5,20,IRYSAI,Rug Pull,69.6K USD,69600.0,DeFiHackLabs
20250518,2025,5,18,KRC,Deflationary Token,7k USD,7000.0,DeFiHackLabs
20250514,2025,5,14,Unwarp,Lack-Of-Access-Control,9K USD,9000.0,DeFiHackLabs
20250511,2025,5,11,MBUToken,Price Manipulation Not Confirmed,~2.16 M BUSD,,DeFiHackLabs
20250509,2025,5,9,Nalakuvara_LotteryTicket50,Price Manipulation,~ 105.5K USD,105500.0,DeFiHackLabs
20250426,2025,4,26,Lifeprotocol,Price Manipulation,15114 BUSD,15114000000000.0,DeFiHackLabs
20250426,2025,4,26,ImpermaxV3,Flashloan Price Oracle Manipulation,"62,628.66 USD",62629.0,DeFiHackLabs
20250418,2025,4,18,BTNFT,Claim Rewards Without Protection,19025.9193312786235214 BUSD,19025919331279.0,DeFiHackLabs
20250416,2025,4,16,YVToken,Not Slippage Protection,15261.68240413121964707 BUSD,15261682404131.0,DeFiHackLabs
20250416,2025,4,16,Roar,Rug Pull,$777k,,DeFiHackLabs
20250411,2025,4,11,Unverified 0x6077,Lack Of Access Control,~ $62.3K,,DeFiHackLabs
20250408,2025,4,8,Laundromat,Business Logic,1.5K USD,1500.0,DeFiHackLabs
20250404,2025,4,4,AIRWA,Access Control Flaw,$33.6K,,DeFiHackLabs
20250330,2025,3,30,LeverageSIR,Storage Slot1 Collision,"~ 353.8 K (17814,86 USDC, 1,4085 WBTC, 119,87 WETH)",1781486.0,DeFiHackLabs
20250328,2025,3,28,Alkimiya_IO,Unsafecast,~ 95.5 K (1.14015390 WBTC),,DeFiHackLabs
20250327,2025,3,27,YziAI,Rug Pull,~ $239.4K,,DeFiHackLabs
20250320,2025,3,20,BBXToken,Price Manipulation,11902 BUSD,11902000000000.0,DeFiHackLabs
20250318,2025,3,18,DCFToken,Lack Of Slippage Protection,~442k,,DeFiHackLabs
20250316,2025,3,16,wKeyDAO,Unprotected Function,"737,000",,DeFiHackLabs
20250314,2025,3,14,H2O,Weak Random Mint,22470 USD,22470.0,DeFiHackLabs
20250311,2025,3,11,DUCKVADER,Free Mint Bug,~ $9.6K,,DeFiHackLabs
20250307,2025,3,7,UNI,Business Logic,~ $14K,,DeFiHackLabs
20250307,2025,3,7,SBR Token,Price Manipulation,~ $18.4K,,DeFiHackLabs
20250305,2025,3,5,1inch FusionV1 Settlement,Arbitrary Yul Calldata,4.5M,,DeFiHackLabs
20250304,2025,3,4,Pump,Not Slippage Protection,~ $6.4K,,DeFiHackLabs
20250227,2025,2,27,Venus_ZKSync,Donation Attack,86.72 WETH,216800.0,DeFiHackLabs
20250223,2025,2,23,HegicOptions,Business Logic,~104M,,DeFiHackLabs
20250222,2025,2,22,Unverified_35bc,Reentrancy,$6.7K,,DeFiHackLabs
20250221,2025,2,21,StepHeroNFTs,Reentrancy On Sell Nft,137.9 BNB,55160.0,DeFiHackLabs
20250221,2025,2,21,Bybit,Phishing Attack,1.5B,,DeFiHackLabs
20250215,2025,2,15,unverified_d4f1,Access-Control,~15.2k,,DeFiHackLabs
20250211,2025,2,11,FourMeme,Business Logic,~186k,,DeFiHackLabs
20250208,2025,2,8,Peapods Finance,Price Manipulation,"~ $3,500",,DeFiHackLabs
20250123,2025,1,23,ODOS,Invalid-Signature-Verification,~50k,,DeFiHackLabs
20250121,2025,1,21,Ast,Price-Manipulation,~65K,,DeFiHackLabs
20250118,2025,1,18,Paribus,Bad Oracle,~86k,,DeFiHackLabs
20250114,2025,1,14,IdolsNFT,Business Logic,97 stETH,,DeFiHackLabs
20250113,2025,1,13,Mosca2,Business Logic,37.6K,,DeFiHackLabs
20250112,2025,1,12,Unilend,Business Logic,60 stETH,,DeFiHackLabs
20250111,2025,1,11,RoulettePotV2,Price Manipulation,~28K,,DeFiHackLabs
20250110,2025,1,10,JPulsepot,Business Logic,21.5K,,DeFiHackLabs
20250108,2025,1,8,HORS,Access Control Flaw,14.8 WBNB,5920.0,DeFiHackLabs
20250108,2025,1,8,LPMine,Incorrect Reward Calculation,~24k USDT,24000.0,DeFiHackLabs
20250107,2025,1,7,IPC Incorrect burn pairs,Business Logic,～590k USDT,590000.0,DeFiHackLabs
20250106,2025,1,6,Mosca,Business Logic,19K,,DeFiHackLabs
20250104,2025,1,4,SorStaking,Incorrect Reward Calculation,～8 ETH,20000.0,DeFiHackLabs
20250104,2025,1,4,98Token,Unprotected Public Function,28K USDT,28000.0,DeFiHackLabs
20250101,2025,1,1,LAURAToken,Pair Balance Manipulation,12.34 ETH (~$41.2K USD),41200.0,DeFiHackLabs
20241227,2024,12,27,Bizness,Reentrancy,15.7k USD,15700.0,DeFiHackLabs
20241223,2024,12,23,Moonhacker,Improper Input Validation,318.9 k,,DeFiHackLabs
20241218,2024,12,18,SlurpyCoin,Business Logic,3k USD,3000.0,DeFiHackLabs
20241216,2024,12,16,BTC24H,Business Logic,~ $85.7K,,DeFiHackLabs
20241214,2024,12,14,JHY,Business Logic,11k BSC-USD,,DeFiHackLabs
20241210,2024,12,10,LABUBU Token,Business Logic,,,DeFiHackLabs
20241210,2024,12,10,CloberDEX,Reentrancy,~501K US$ (133.7 WETH),501000.0,DeFiHackLabs
20241203,2024,12,3,Pledge,Access Control Flaw,15K,,DeFiHackLabs
20241126,2024,11,26,NFTG,Access Control Flaw,10k USD,10000.0,DeFiHackLabs
20241124,2024,11,24,Proxy_b7e1,Business Logic,8.5k USD,8500.0,DeFiHackLabs
20241123,2024,11,23,Ak1111,Access Control Flaw,31.5K USD,31500.0,DeFiHackLabs
20241121,2024,11,21,Matez,Integer Truncation,80k USD,80000.0,DeFiHackLabs
20241120,2024,11,20,MainnetSettler,Access Control Flaw,$66K,,DeFiHackLabs
20241119,2024,11,19,PolterFinance,Flashloan Attack,$7M,,DeFiHackLabs
20241117,2024,11,17,MFT,Business Logic,33.7k USD,33700.0,DeFiHackLabs
20241114,2024,11,14,vETH,Vulnerable Price Dependency,447k,,DeFiHackLabs
20241111,2024,11,11,DeltaPrime,Reentrancy,$12.9 K,,DeFiHackLabs
20241109,2024,11,9,X319,Access Control Flaw,$12.9 K,,DeFiHackLabs
20241107,2024,11,7,ChiSale,Business Logic,$16.3 K,,DeFiHackLabs
20241107,2024,11,7,CoW,Access Control Flaw,$59 K,,DeFiHackLabs
20241107,2024,11,7,VRug,Rug Pull,$8.4 K,,DeFiHackLabs
20241105,2024,11,5,RPP,Business Logic,~ $14.1K,,DeFiHackLabs
20241029,2024,10,29,BUBAI,Rug Pull,$131K,,DeFiHackLabs
20241026,2024,10,26,CompoundFork,Flashloan Attack,$1M,,DeFiHackLabs
20241022,2024,10,22,Erc20transfer,Access Control Flaw,"$14,773.35",,DeFiHackLabs
20241022,2024,10,22,Vista,Flashmint Receive Error,"$28,000",,DeFiHackLabs
20241013,2024,10,13,MorphoBlue,Overpriced Asset In Oracle,"$230,000",,DeFiHackLabs
20241011,2024,10,11,P719Token,Price Manipulation Inflate Attack,,,DeFiHackLabs
20241006,2024,10,6,SASHAToken,Price Manipulation,,,DeFiHackLabs
20241010,2024,10,10,HYDT,Oracle Price Manipulation,,,DeFiHackLabs
20241005,2024,10,5,AIZPTToken,Wrong Price Calculation,,,DeFiHackLabs
20241001,2024,10,1,FireToken,Pair Manipulation With Transfer Function,8.45 ETH (~$20K USD),20000.0,DeFiHackLabs
20241002,2024,10,2,LavaLending,Price Manipulation,"1 USDC, 125795.6 cUSDC, 0,0067 WBTC, 2.25 WETH (~$130K USD)",1.0,DeFiHackLabs
20240926,2024,9,26,OnyxDAO,Fake Market,"4.1M VUSD, 7.35M XCN, 5K DAI, 0.23 WBTC, 50K USDT (>$3.8M USD)",50000.0,DeFiHackLabs
20240926,2024,9,26,Bedrock_DeFi,Swap Eth/Btc 1/1 In Mint Function,27.83925883 BTC (~$1.7M USD),1700000.0,DeFiHackLabs
20240923,2024,9,23,Bankroll_Network,Incorrect Input Validation,~404 WBNB (~234.8K USD),234800.0,DeFiHackLabs
20240923,2024,9,23,PestoToken,Price Manipulation,1.4K,,DeFiHackLabs
20240920,2024,9,20,DOGGO,Business Logic,7K USD,7000.0,DeFiHackLabs
20240920,2024,9,20,Shezmu,Access Control Flaw,4.9M USD,4900000.0,DeFiHackLabs
20240918,2024,9,18,Unverified_766a,Access Control Flaw,100 USD,100.0,DeFiHackLabs
20240915,2024,9,15,WXETA,Business Logic,110K,,DeFiHackLabs
20240913,2024,9,13,Unverified_5697,Access Control Flaw,12K,,DeFiHackLabs
20240913,2024,9,13,OTSeaStaking,Business Logic,26k,,DeFiHackLabs
20240912,2024,9,12,Unverified_03f9,Access Control Flaw,1.7k,,DeFiHackLabs
20240911,2024,9,11,INUMI,Access Control Flaw,~11.7k USD,11700.0,DeFiHackLabs
20240911,2024,9,11,INUMI_db27,Access Control Flaw,~4.7k USD,4700.0,DeFiHackLabs
20240911,2024,9,11,AIRBTC_exp,Access Control Flaw,~6.8k USD,6800.0,DeFiHackLabs
20240910,2024,9,10,Caterpillar_Coin_CUT,Price Manipulation,~1.4M USD,1400000.0,DeFiHackLabs
20240905,2024,9,5,Unverified_a89f,Access Control Flaw,1.5k,,DeFiHackLabs
20240905,2024,9,5,PLN,Access Control Flaw,400K USD,400000.0,DeFiHackLabs
20240905,2024,9,5,HANAToken,Price Manipulation,283 USD,283.0,DeFiHackLabs
20240904,2024,9,4,Unverified_16d0,Access Control Flaw,329 USD,329.0,DeFiHackLabs
20240903,2024,9,3,Penpiexyz_io,Reentrancy And Reward Manipulation,"11,113.6 ETH (~$27,348,259 USD)",27348259.0,DeFiHackLabs
20240902,2024,9,2,Pythia,Business Logic,21 ETH,52500.0,DeFiHackLabs
20240828,2024,8,28,Unverified_667d,Access Control Flaw,$10k,,DeFiHackLabs
20240828,2024,8,28,AAVE,Arbitrary Call Error,52000,,DeFiHackLabs
20240820,2024,8,20,Coco,Business Logic,280BNB,,DeFiHackLabs
20240816,2024,8,16,Zenterest,Price Out Of Date,~21000 USD,21000.0,DeFiHackLabs
20240816,2024,8,16,OMPx Contract,Flash Loan,4.37 ETH (~11527 USD),11527.0,DeFiHackLabs
20240814,2024,8,14,YodlRouter,Arbitrary Call,~5k,,DeFiHackLabs
20240813,2024,8,13,VOW,Misconfiguration,~ 1M USD,1000000.0,DeFiHackLabs
20240812,2024,8,12,iVest,Business Logic,~338 WBNB,135200.0,DeFiHackLabs
20240806,2024,8,6,Novax,Price Manipulation,~25K USD,25000.0,DeFiHackLabs
20240801,2024,8,1,Convergence,Incorrect Input Validation,~200K USD,200000.0,DeFiHackLabs
20240724,2024,7,24,Spectra_finance,Incorrect Input Validation,~73K USD,73000.0,DeFiHackLabs
20240723,2024,7,23,MEVbot_0xdd7c,Incorrect Input Validation,~18k USD,18000.0,DeFiHackLabs
20240716,2024,7,16,Lifiprotocol,Incorrect Input Validation,~10M USD,10000000.0,DeFiHackLabs
20240714,2024,7,14,Minterest,Reentrancy,~427 ETH,1067500.0,DeFiHackLabs
20240712,2024,7,12,DoughFina,Incorrect Input Validation,~1.8M USD,1800000.0,DeFiHackLabs
20240711,2024,7,11,SBT,Business Logic,~56K USD,56000.0,DeFiHackLabs
20240711,2024,7,11,GAX,Lack Of Access Control,~50K $BUSD,50000.0,DeFiHackLabs
20240708,2024,7,8,LW,Integer Underflow,~7K USD,7000.0,DeFiHackLabs
20240705,2024,7,5,DeFiPlaza,Loss Of Precision,~200K USD,200000.0,DeFiHackLabs
20240703,2024,7,3,UnverifiedContr_0x452E25,Lack-Of-Access-Control,27 ETH,67500.0,DeFiHackLabs
20240702,2024,7,2,MRP,Reentrancy,17 BNB,6800.0,DeFiHackLabs
20240628,2024,6,28,Will,Business Logic,$52K,,DeFiHackLabs
20240627,2024,6,27,APEMAGA,Business Logic,~9 ETH,22500.0,DeFiHackLabs
20240618,2024,6,18,INcufi,Business Logic,~59K USD,59000.0,DeFiHackLabs
20240617,2024,6,17,Dyson_money,Business Logic,52 BNB,20800.0,DeFiHackLabs
20240616,2024,6,16,WIFCOIN_ETH,Business Logic,~3.4 ETH (WIF token),8500.0,DeFiHackLabs
20240616,2024,6,16,Crb2,Business Logic,~15K,,DeFiHackLabs
20240611,2024,6,11,JokInTheBox,Business Logic,~9.2 ETH,23000.0,DeFiHackLabs
20240610,2024,6,10,UwULend,Price Manipulation,19.3M,,DeFiHackLabs
20240610,2024,6,10,Bazaar,Insufficient Permission Check,1.4M,,DeFiHackLabs
20240608,2024,6,8,YYStoken,Business Logic,$28K,,DeFiHackLabs
20240606,2024,6,6,SteamSwap,Business Logic,~$91k,,DeFiHackLabs
20240606,2024,6,6,MineSTM,Business Logic,$13.8K,,DeFiHackLabs
20240604,2024,6,4,NCD,Business Logic,$6.4K,,DeFiHackLabs
20240601,2024,6,1,VeloCore,Lack-Of-Access-Control,$6.88M,,DeFiHackLabs
20240531,2024,5,31,Liquiditytokens,Business Logic,~200K USD,200000.0,DeFiHackLabs
20240531,2024,5,31,MixedSwapRouter,Arbitrary Call,>10700USD(WINR token),10700.0,DeFiHackLabs
20240529,2024,5,29,SCROLL,Integer Underflow,76 ETH,190000.0,DeFiHackLabs
20240529,2024,5,29,MetaDragon,Lack Of Access Control,~ $180k,,DeFiHackLabs
20240528,2024,5,28,Tradeonorion,Business Logic,~645K,,DeFiHackLabs
20240528,2024,5,28,EXcommunity,Business Logic,33BNB,,DeFiHackLabs
20240527,2024,5,27,RedKeysCoin,Weak Rng,$12K,,DeFiHackLabs
20240526,2024,5,26,NORMIE,Business Logic,$490K,,DeFiHackLabs
20240522,2024,5,22,Burner,Sandwich Ack,1.7 eth,4250.0,DeFiHackLabs
20240516,2024,5,16,TCH,Signature Malleability Vulnerability,$18K,,DeFiHackLabs
20240514,2024,5,14,Sonne Finance,Precision Loss,$20M,,DeFiHackLabs
20240514,2024,5,14,PredyFinance,Reentrancy,$464K,,DeFiHackLabs
20240512,2024,5,12,TGC,Business Logic,$32K,,DeFiHackLabs
20240510,2024,5,10,GFOX,Lack Of Access Control,330K USD,330000.0,DeFiHackLabs
20240510,2024,5,10,TSURU,Insufficient Validation,140K,,DeFiHackLabs
20240508,2024,5,8,GPU,Self Transfer,~32K USD,32000.0,DeFiHackLabs
20240507,2024,5,7,SATURN,Price Manipulation,~15 BNB,6000.0,DeFiHackLabs
20240506,2024,5,6,OSN,Reward Distribution Problem,~109K USD,109000.0,DeFiHackLabs
20240430,2024,4,30,Yield,Business Logic,181K,,DeFiHackLabs
20240430,2024,4,30,PikeFinance,Uninitialized Proxy,1.4M,,DeFiHackLabs
20240427,2024,4,27,BNBX,Precission Loss,~75 $BNB,75.0,DeFiHackLabs
20240425,2024,4,25,NGFS,Bad Access Control,~190K,,DeFiHackLabs
20240424,2024,4,24,XBridge,Business Logic,">200k USD(plus a lot of STC, SRLTY, Mazi tokens)",200000.0,DeFiHackLabs
20240424,2024,4,24,YIEDL,Input Validation,150k USD,150000.0,DeFiHackLabs
20240422,2024,4,22,Z123,Price Manipulation,136k USD,136000.0,DeFiHackLabs
20240420,2024,4,20,Rico,Arbitrary Call,36K,,DeFiHackLabs
20240419,2024,4,19,HedgeyFinance,Business Logic,48M USD,48000000.0,DeFiHackLabs
20240417,2024,4,17,UnverifiedContr_0x00C409,Unverified External Call,~ 18 eth,45000.0,DeFiHackLabs
20240416,2024,4,16,SATX,Business Logic,~ 50 BNB,20000.0,DeFiHackLabs
20240416,2024,4,16,MARS,Bad Reflection,>100K,,DeFiHackLabs
20240415,2024,4,15,GFA,Business-Logic-Flaw,~14K USD,14000.0,DeFiHackLabs
20240415,2024,4,15,ChaingeFinance,Arbitrary External Call,~560K,,DeFiHackLabs
20240414,2024,4,14,Hackathon,Business Logic,~20K,,DeFiHackLabs
20240412,2024,4,12,FIL314,Insufficient Validation And Price Manipulation,~14 BNB,5600.0,DeFiHackLabs
20240412,2024,4,12,SumerMoney,Reentrancy,350K,,DeFiHackLabs
20240412,2024,4,12,GROKD,Lack Of Access Control,$~150 BNB,60000.0,DeFiHackLabs
20240410,2024,4,10,BigBangSwap,Precission Loss,$~5K $BUSD,5000.0,DeFiHackLabs
20240409,2024,4,9,UPS,Business Logic,$~28K USD,28000.0,DeFiHackLabs
20240408,2024,4,8,SQUID,Sandwich Attack,$~87K USD,87000.0,DeFiHackLabs
20240404,2024,4,4,wsm,Manipulating Price,$~18K USD,18000.0,DeFiHackLabs
20240402,2024,4,2,HoppyFrogERC,Business Logic,~0.3 ETH,750.0,DeFiHackLabs
20240401,2024,4,1,ATM,Business Logic,$~182K USD,182000.0,DeFiHackLabs
20240401,2024,4,1,OpenLeverage,Business Logic,~234K,,DeFiHackLabs
20240329,2024,3,29,ETHFIN,Lack Of Access Control,~$1.24K (2.13 BNB),852.0,DeFiHackLabs
20240329,2024,3,29,PrismaFi,Insufficient Validation,$~11M,,DeFiHackLabs
20240328,2024,3,28,LavaLending,Business Logic,~340K,,DeFiHackLabs
20240325,2024,3,25,ZongZi,Price Manipulation,~223K,,DeFiHackLabs
20240323,2024,3,23,CGT,Incorrect Access Control,996B (CGT token),,DeFiHackLabs
20240321,2024,3,21,SSS,Token Balance Doubles On Transfer To Self,4.8M,,DeFiHackLabs
20240324,2024,3,24,ARK,Business Logic,~348BNB,,DeFiHackLabs
20240320,2024,3,20,Paraswap,Incorrect Access Control,~24K,,DeFiHackLabs
20240314,2024,3,14,MO,Business Logic,~413k USDT,413000.0,DeFiHackLabs
20240313,2024,3,13,IT,Business Logic,~13k USDT,13000.0,DeFiHackLabs
20240312,2024,3,12,BBT,Business Logic,~5.06 ETH,12650.0,DeFiHackLabs
20240311,2024,3,11,Binemon,Precission-Loss,~0.2 BNB,80.0,DeFiHackLabs
20240309,2024,3,9,Juice,Business Logic,~54 ETH,135000.0,DeFiHackLabs
20240309,2024,3,9,UnizenIO,Unverified External Call,~2M,,DeFiHackLabs
20240307,2024,3,7,GHT,Business Logic,~57K,,DeFiHackLabs
20240306,2024,3,6,ALP,Public Internal Function,~10K,,DeFiHackLabs
20240306,2024,3,6,TGBS,Business Logic,~150K,,DeFiHackLabs
20240305,2024,3,5,Woofi,Price Manipulation,~8M,,DeFiHackLabs
20240228,2024,2,28,Seneca,Arbitrary External Call Vulnerability,~6M,,DeFiHackLabs
20240228,2024,2,28,SMOOFSStaking,Reentrancy,Unclear,,DeFiHackLabs
20240223,2024,2,23,Zoomer,Business Logic,~14 ETH,35000.0,DeFiHackLabs
20240223,2024,2,23,CompoundUni,Oracle Bad Price,"~439,537 USD",439537.0,DeFiHackLabs
20240223,2024,2,23,BlueberryProtocol,Business Logic,"~1,400,000 USD",1400000.0,DeFiHackLabs
20240222,2024,2,22,SwarmMarkets,Lack Of Validation,~7k $DAI,7000.0,DeFiHackLabs
20240221,2024,2,21,DeezNutz 404,Lack Of Validation,~170k,,DeFiHackLabs
20240221,2024,2,21,GAIN,Bad Function Implementation,~6.4 ETH,16000.0,DeFiHackLabs
20240220,2024,2,20,EGGX,Reentrancy,~2 ETH,5000.0,DeFiHackLabs
20240219,2024,2,19,RuggedArt,Reentrancy,~10k,,DeFiHackLabs
20240216,2024,2,16,ParticleTrade,Lack Of Validation Data,~50k,,DeFiHackLabs
20240215,2024,2,15,DualPools,Precision Truncation,~42k,,DeFiHackLabs
20240215,2024,2,15,Babyloogn,Lack Of Validation,~2 $BNB,2.0,DeFiHackLabs
20240215,2024,2,15,Miner,Lack Of Validation Dst Address,~150k,,DeFiHackLabs
20240213,2024,2,13,MINER,Price Manipulation,~3.5 WBNB,1400.0,DeFiHackLabs
20240211,2024,2,11,Game,Reentrancy && Business Logic Flaw,~20 ETH,50000.0,DeFiHackLabs
20240210,2024,2,10,FILX DN404,Access Control Flaw,200K,,DeFiHackLabs
20240208,2024,2,8,Pandora,Integer Underflow,~17K USD,17000.0,DeFiHackLabs
20240205,2024,2,5,BurnsDefi,Price Manipulation,~67K,,DeFiHackLabs
20240202,2024,2,2,ADC,Incorrect-Access-Control,~20 eth,50000.0,DeFiHackLabs
20240201,2024,2,1,AffineDeFi,Lack Of Validation Userdata,~88K,,DeFiHackLabs
20240130,2024,1,30,XSIJ,Business Logic,~51K USD,51000.0,DeFiHackLabs
20240130,2024,1,30,MIMSpell,Precission Loss,"~6,5M",,DeFiHackLabs
20240129,2024,1,29,PeapodsFinance,Reentrancy,~1K $DAI,1000.0,DeFiHackLabs
20240128,2024,1,28,BarleyFinance,Reentrancy,~130K,,DeFiHackLabs
20240127,2024,1,27,CitadelFinance,Price Manipulation,~93K,,DeFiHackLabs
20240125,2024,1,25,NBLGAME,Reentrancy,~180K,,DeFiHackLabs
20240122,2024,1,22,DAO_SoulMate,Incorrect Access Control,~319K,,DeFiHackLabs
20240117,2024,1,17,BmiZapper,Arbitrary External Call Vulnerability,~114K,,DeFiHackLabs
20240115,2024,1,15,Shell_MEV_0xa898,Lack Of Access Control,~1K $BUSD,1000.0,DeFiHackLabs
20240112,2024,1,12,SocketGateway,Lack Of Calldata Validation,~3.3Million $,,DeFiHackLabs
20240112,2024,1,12,WiseLending,Bad Healthfactor Check,~464K,,DeFiHackLabs
20240110,2024,1,10,Freedom,Lack Of Access Control,74 $WBNB,74.0,DeFiHackLabs
20240110,2024,1,10,LQDX,Unauthorized Transferfrom,unknown,,DeFiHackLabs
20240104,2024,1,4,Gamma,Price Manipulation,~6.3M,,DeFiHackLabs
20240102,2024,1,2,MIC,Business Logic,~500K,,DeFiHackLabs
20240102,2024,1,2,RadiantCapital,Loss Of Precision,"~4,5M",,DeFiHackLabs
20240101,2024,1,1,OrbitChain,Incorrect Input Validation,~81M,,DeFiHackLabs
20231231,2023,12,31,Channels,Price Manipulation,~$4.4K,,DeFiHackLabs
20231230,2023,12,30,ChannelsFinance,Compoundv2 Inflation Attack,~320K,,DeFiHackLabs
20231228,2023,12,28,CCV,Precision Loss,~3.2K $BUSD,3200.0,DeFiHackLabs
20231228,2023,12,28,DominoTT,Precision Loss,~5 $WBNB,5.0,DeFiHackLabs
20231225,2023,12,25,Telcoin,Storage Collision,"~1,24M",,DeFiHackLabs
20231222,2023,12,22,PineProtocol,Business Logic,~90k,,DeFiHackLabs
20231220,2023,12,20,TransitFinance,Lack Of Validation Pool,~110k,,DeFiHackLabs
20231217,2023,12,17,Bob,Price Manipulation,~3BNB,,DeFiHackLabs
20231217,2023,12,17,FloorProtocol,Business Logic,"~$1,6M",,DeFiHackLabs
20231216,2023,12,16,GoodDollar,Lack Of Input Validation & Reentrancy,~$2M,,DeFiHackLabs
20231216,2023,12,16,KEST,Business Logic,~$2.3K,,DeFiHackLabs
20231216,2023,12,16,NFTTrader,Reentrancy,~$3M,,DeFiHackLabs
20231214,2023,12,14,PHIL,Business Logic,~$2 $BNB,2.0,DeFiHackLabs
20231213,2023,12,13,HYPR,Business Logic,~$200k,,DeFiHackLabs
20231211,2023,12,11,GoodCompound,Price Manipulation,~$13K (~250 COMP Token),,DeFiHackLabs
20231209,2023,12,9,BCT,Price Manipulation,~10.2BNB,,DeFiHackLabs
20231207,2023,12,7,HNet,Business Logic,~2.4 $WBNB,2.0,DeFiHackLabs
20231206,2023,12,6,TIME,Arbitrary Address Spoofing Attack,~84.59 ETH,211475.0,DeFiHackLabs
20231206,2023,12,6,ElephantStatus,Price Manipulation,~$165k,,DeFiHackLabs
20231205,2023,12,5,MAMO,Price Manipulation,~$3.3K,,DeFiHackLabs
20231205,2023,12,5,BEARNDAO,Business Logic,~$769k,,DeFiHackLabs
20231202,2023,12,2,bZxProtocol,Inflation Attack,~$208k,,DeFiHackLabs
20231201,2023,12,1,UnverifiedContr_0x431abb,Business Logic,~$500k,,DeFiHackLabs
20231130,2023,11,30,EEE,Price Manipulation,~$22.8K,,DeFiHackLabs
20231130,2023,11,30,CAROLProtocol,Price Manipulation Via Reentrancy,~$53k,,DeFiHackLabs
20231129,2023,11,29,Burntbubba,Price Manipulation,~$3K,,DeFiHackLabs
20231129,2023,11,29,AIS,Insufficient Validation,~$61k,,DeFiHackLabs
20231128,2023,11,28,FiberRouter,Input Validation,18 eth,45000.0,DeFiHackLabs
20231125,2023,11,25,MetaLend,Compoundv2 Inflation Attack,~$4K,,DeFiHackLabs
20231125,2023,11,25,TheNFTV2,Business Logic,~$19K,,DeFiHackLabs
20231122,2023,11,22,KyberSwap,Precision Loss,~$48M,,DeFiHackLabs
20231117,2023,11,17,Token8633_9419,Price Manipulation,~$52K,,DeFiHackLabs
20231117,2023,11,17,ShibaToken,Business Logic,~$31K,,DeFiHackLabs
20231116,2023,11,16,WECO,Business Logic,~$18K,,DeFiHackLabs
20231115,2023,11,15,EHX,Lack Of Slippage Control,Unclear,,DeFiHackLabs
20231115,2023,11,15,XAI,Business Logic,Unclear,,DeFiHackLabs
20231115,2023,11,15,LinkDAO,Bad `K` Value Verification,~$30K,,DeFiHackLabs
20231114,2023,11,14,OKC Project,"Instant Rewards, Unlocked",~$6268,,DeFiHackLabs
20231112,2023,11,12,MEVBot_0x8c2d,Lack Of Access Control,~$365K,,DeFiHackLabs
20231112,2023,11,12,MEVBot_0xa247,Incorrect Access Control,~$150K,,DeFiHackLabs
20231111,2023,11,11,MahaLend,Donate Inflation Exchangerate & Rounding Error,~$20 K,,DeFiHackLabs
20231110,2023,11,10,Raft_fi,Donate Inflation Exchangerate & Rounding Error,~$3.2 M,,DeFiHackLabs
20231110,2023,11,10,grok,Lack Of Slippage Protection,~26 ETH,65000.0,DeFiHackLabs
20231107,2023,11,7,RBalancer,Business Logic,~17 ETH,42500.0,DeFiHackLabs
20231107,2023,11,7,MEVbot,Lack Of Access Control,~$2M,,DeFiHackLabs
20231106,2023,11,6,TrustPad,Lack Of Msg.Sender Address Verification,~$155K,,DeFiHackLabs
20231106,2023,11,6,KR,Precision Loss,~$15K,,DeFiHackLabs
20231106,2023,11,6,TheStandard_io,Lack Of Slippage Protection,~$290K,,DeFiHackLabs
20231102,2023,11,2,BRAND,Lack Of Access Control,~23 WBNB,9200.0,DeFiHackLabs
20231102,2023,11,2,3913Token,Deflationary Token Attack,~$31354 USD$,31354.0,DeFiHackLabs
20231101,2023,11,1,OnyxProtocol,Precission Loss Vulnerability,~$2M,,DeFiHackLabs
20231101,2023,11,1,SwampFinance,Business Logic,Unclear,,DeFiHackLabs
20231031,2023,10,31,UniBotRouter,Arbitrary External Call,"~$83,944 USD$",83944.0,DeFiHackLabs
20231030,2023,10,30,LaEeb,Lack Slippage Protection,~1.8 WBNB,720.0,DeFiHackLabs
20231028,2023,10,28,AstridProtocol,Business Logic,~$127ETH,,DeFiHackLabs
20231024,2023,10,24,MaestroRouter2,Arbitrary External Call,~$280ETH,,DeFiHackLabs
20231022,2023,10,22,OpenLeverage,Business Logic,~$8K,,DeFiHackLabs
20231019,2023,10,19,kTAF,Compoundv2 Inflation Attack,~$8K,,DeFiHackLabs
20231018,2023,10,18,Hopelend,Div Precision Loss,~$825K,,DeFiHackLabs
20231018,2023,10,18,MicDao,Price Manipulation,~$13K,,DeFiHackLabs
20231013,2023,10,13,BelugaDex,Price Manipulation,~$175K,,DeFiHackLabs
20231013,2023,10,13,WiseLending,Donate Inflation Exchangerate && Rounding Error,~$260K,,DeFiHackLabs
20231012,2023,10,12,Platypus,Business Logic,~$2M,,DeFiHackLabs
20231011,2023,10,11,BH,Price Manipulation,~$1.27M,,DeFiHackLabs
20231008,2023,10,8,ZS,Business Logic,~$14K,,DeFiHackLabs
20231008,2023,10,8,pSeudoEth,Pool Manipulation,~$2.3K,,DeFiHackLabs
20231007,2023,10,7,StarsArena,Reentrancy,~$3M,,DeFiHackLabs
20231005,2023,10,5,DePayRouter,Business Logic,~$ 827 USDC,827.0,DeFiHackLabs
20230930,2023,9,30,FireBirdPair,Lack Slippage Protection,~$3.2K MATIC,,DeFiHackLabs
20230929,2023,9,29,DEXRouter,Arbitrary External Call,~$4K,,DeFiHackLabs
20230926,2023,9,26,XSDWETHpool,Reentrancy,~$56.9BNB,,DeFiHackLabs
20230924,2023,9,24,KubSplit,Pool Manipulation,~$78K,,DeFiHackLabs
20230921,2023,9,21,CEXISWAP,Incorrect Access Control,~$30K,,DeFiHackLabs
20230916,2023,9,16,uniclyNFT,Reentrancy,1 NFT,,DeFiHackLabs
20230911,2023,9,11,0x0DEX,Parameter Manipulation,~$61K,,DeFiHackLabs
20230909,2023,9,9,BFCToken,Business Logic,~$38K,,DeFiHackLabs
20230908,2023,9,8,APIG,Business Logic,~$169K,,DeFiHackLabs
20230907,2023,9,7,HCT,Price Manipulation,~$30.5BNB,,DeFiHackLabs
20230905,2023,9,5,QuantumWN,Rebasing Logic Issue,~$0.5 ETH,1250.0,DeFiHackLabs
20230905,2023,9,5,JumpFarm,Rebasing Logic Issue,~$2.4ETH,,DeFiHackLabs
20230905,2023,9,5,HeavensGate,Rebasing Logic Issue,~$8ETH,,DeFiHackLabs
20230905,2023,9,5,FloorDAO,Rebasing Logic Issue,~$40ETH,,DeFiHackLabs
20230902,2023,9,2,DAppSocial,Business Logic,~$16K,,DeFiHackLabs
20230829,2023,8,29,EAC,Price Manipulation,~$29BNB,,DeFiHackLabs
20230827,2023,8,27,Balancer,Rounding Error && Business Logic Flaw,~$2M,,DeFiHackLabs
20230826,2023,8,26,SVT,Flawed Price Calculation,~$400K,,DeFiHackLabs
20230824,2023,8,24,GSS,Skim Token Balance,~$25K,,DeFiHackLabs
20230821,2023,8,21,EHIVE,Business Logic,~$15K,,DeFiHackLabs
20230819,2023,8,19,BTC20,Price Manipulation,~$18ETH,,DeFiHackLabs
20230818,2023,8,18,ExactlyProtocol,Insufficient Validation,~$7M,,DeFiHackLabs
20230814,2023,8,14,ZunamiProtocol,Price Manipulation,~$2M,,DeFiHackLabs
20230809,2023,8,9,EarningFram,Reentrancy,~$286k,,DeFiHackLabs
20230802,2023,8,2,CurveBurner,Lack Slippage Protection,~$36K,,DeFiHackLabs
20230802,2023,8,2,Uwerx,Fault Logic,~$176ETH,,DeFiHackLabs
20230801,2023,8,1,NeutraFinance,Price Manipulation,~$23ETH,,DeFiHackLabs
20230801,2023,8,1,LeetSwap,Access Control Flaw,~$630K,,DeFiHackLabs
20230731,2023,7,31,GYMNET,Insufficient Validation,Unclear,,DeFiHackLabs
20230730,2023,7,30,Curve,Vyper Compiler Bug && Reentrancy,~ $41M,,DeFiHackLabs
20230726,2023,7,26,Carson,Price Manipulation,~$150K,,DeFiHackLabs
20230724,2023,7,24,Palmswap,Business Logic,~$900K,,DeFiHackLabs
20230723,2023,7,23,MintoFinance,Signature Replay,~$9K,,DeFiHackLabs
20230722,2023,7,22,Conic Finance 02,Price Manipulation,~$934K,,DeFiHackLabs
20230721,2023,7,21,Conic Finance,Read-Only-Reentrancy && Misconfiguration,~$3.25M,,DeFiHackLabs
20230721,2023,7,21,SUT,Business Logic,~$8k,,DeFiHackLabs
20230720,2023,7,20,Utopia,Business Logic,~$119k,,DeFiHackLabs
20230720,2023,7,20,FFIST,Business Logic,~$110k,,DeFiHackLabs
20230718,2023,7,18,APEDAO,Business Logic,~$7K,,DeFiHackLabs
20230718,2023,7,18,BNO,Invalid Emergency Withdraw Mechanism,~$505K,,DeFiHackLabs
20230717,2023,7,17,NewFi,Lack Slippage Protection,~$31K,,DeFiHackLabs
20230715,2023,7,15,USDTStakingContract28,Lack Of Access Control,~20999 USD,20999.0,DeFiHackLabs
20230712,2023,7,12,Platypus,Bussiness Logic Flaw,~$51K,,DeFiHackLabs
20230712,2023,7,12,WGPT,Business Logic,~$80k,,DeFiHackLabs
20230711,2023,7,11,RodeoFinance,Twap Oracle Manipulation,~$888k,,DeFiHackLabs
20230711,2023,7,11,Libertify,Reentrancy,~$452k,,DeFiHackLabs
20230710,2023,7,10,ArcadiaFi,Reentrancy,~$400k,,DeFiHackLabs
20230708,2023,7,8,CIVNFT,Lack Of Access Control,~$180k,,DeFiHackLabs
20230708,2023,7,8,Civfund,Lack Of Access Control,~$165k,,DeFiHackLabs
20230707,2023,7,7,LUSD,Price Manipulation Attack,~9464USDT,9464.0,DeFiHackLabs
20230704,2023,7,4,BambooIA,Price Manipulation Attack,~200BNB,,DeFiHackLabs
20230704,2023,7,4,BaoCommunity,Donate Inflation Exchangerate && Rounding Error,~$46k,,DeFiHackLabs
20230703,2023,7,3,AzukiDAO,Invalid Signature Verification,~$69k,,DeFiHackLabs
20230630,2023,6,30,Biswap,V3Migrator Exploit,~$72k,,DeFiHackLabs
20230630,2023,6,30,MyAi,Business Logic,~2 $BNB,2.0,DeFiHackLabs
20230628,2023,6,28,Themis,Manipulation Of Prices Using Flashloan,~$370k,,DeFiHackLabs
20230627,2023,6,27,UnverifiedContr_9ad32,Business Logic,~5955 USD,5955.0,DeFiHackLabs
20230627,2023,6,27,STRAC,Business Logic,~12 $ETH,12.0,DeFiHackLabs
20230623,2023,6,23,SHIDO,Business Logic,~997 WBNB,398800.0,DeFiHackLabs
20230621,2023,6,21,BabyDogeCoin02,Lack Slippage Protection,~ 441 BNB,176400.0,DeFiHackLabs
20230621,2023,6,21,BUNN,Reflection Tokens,~52BNB,,DeFiHackLabs
20230620,2023,6,20,MIMSpell,Arbitrary External Call Vulnerability,~$17k,,DeFiHackLabs
20230619,2023,6,19,Contract_0x7657,Business Logic,~$20k $USDT,20000.0,DeFiHackLabs
20230618,2023,6,18,ARA,Incorrect Handling Of Permissions,~$125k,,DeFiHackLabs
20230617,2023,6,17,Pawnfi,Business Logic,~$820K,,DeFiHackLabs
20230617,2023,6,17,MidasCapitalXYZ,Precision Loss,~$600K,,DeFiHackLabs
20230615,2023,6,15,CFC,Uniswap Skim() Token Balance Attack,~$16k,,DeFiHackLabs
20230615,2023,6,15,DEPUSDT_LEVUSDC,Incorrect Access Control,~$105k,,DeFiHackLabs
20230612,2023,6,12,Sturdy Finance,Read-Only-Reentrancy,~$800k,,DeFiHackLabs
20230611,2023,6,11,SellToken04,Price Manipulation,~$109k,,DeFiHackLabs
20230607,2023,6,7,CompounderFinance,Manipulation Of Funds Through Fluctuations In The Amount Of Exchangeable Assets,"~$27,174",,DeFiHackLabs
20230606,2023,6,6,VINU,Price Manipulation,~$6k,,DeFiHackLabs
20230606,2023,6,6,UN,Price Manipulation,~$26k,,DeFiHackLabs
20230602,2023,6,2,NST Simple Swap,"Unverified Contract, Wrong Approval",$40k,,DeFiHackLabs
20230601,2023,6,1,DDCoin,Flashloan Attack And Smart Contract Vulnerability,~$300k,,DeFiHackLabs
20230601,2023,6,1,Cellframenet,Calculation Issues During Liquidity Migration,~$76k,,DeFiHackLabs
20230531,2023,5,31,ERC20TokenBank,Price Manipulation,~$111k,,DeFiHackLabs
20230529,2023,5,29,Jimbo,Protocol Specific Price Manipulation,~$8M,,DeFiHackLabs
20230529,2023,5,29,BabyDogeCoin,Lack Slippage Protection,~$135k,,DeFiHackLabs
20230529,2023,5,29,FAPEN,Wrong Balance Check,~$600,,DeFiHackLabs
20230529,2023,5,29,NOON (NO),Wrong Visibility In Function,~$2K,,DeFiHackLabs
20230525,2023,5,25,GPT Token,Fee Machenism Exploitation,~$42k,,DeFiHackLabs
20230524,2023,5,24,Local Trade LCT,Improper Access Control Of Close-Source Contract,~384 BNB,153600.0,DeFiHackLabs
20230524,2023,5,24,CS Token,Outdated Global Variable,~714K USD,714000.0,DeFiHackLabs
20230523,2023,5,23,LFI Token,Business Logic,~36K USD,36000.0,DeFiHackLabs
20230514,2023,5,14,landNFT,Lack Of Permission Control,"149,616 $BUSD",149616.0,DeFiHackLabs
20230514,2023,5,14,SellToken03,Unchecked User Input,Unclear,,DeFiHackLabs
20230513,2023,5,13,Bitpaidio,Business Logic,~$30K,,DeFiHackLabs
20230512,2023,5,12,LW,Flash Loan + Price Manipulation,~$50k,,DeFiHackLabs
20230513,2023,5,13,SellToken02,Price Manipulation,~$197k,,DeFiHackLabs
20230511,2023,5,11,SellToken01,Business Logic,~$95k,,DeFiHackLabs
20230510,2023,5,10,SNK,Reward Calculation Error,~$197k,,DeFiHackLabs
20230509,2023,5,9,MCC,Reflection Token,~$10 ETH,25000.0,DeFiHackLabs
20230509,2023,5,9,HODL,Reflection Token,~$2.3 ETH,5750.0,DeFiHackLabs
20230506,2023,5,6,Melo,Access Control Flaw,~$90k,,DeFiHackLabs
20230505,2023,5,5,DEI,Wrong Implemention,,,DeFiHackLabs
20230503,2023,5,3,NeverFall,Price Manipulation,~74K,,DeFiHackLabs
20230502,2023,5,2,Level,Business Logic,~$1M,,DeFiHackLabs
20230428,2023,4,28,0vix,Flash Loan + Price Manipulation,~$2M,,DeFiHackLabs
20230427,2023,4,27,Silo finance,Business Logic,,,DeFiHackLabs
20230424,2023,4,24,Axioma,Business Logic,~21 WBNB,8400.0,DeFiHackLabs
20230419,2023,4,19,OLIFE,Reflection Token,~32 WBNB,12800.0,DeFiHackLabs
20230416,2023,4,16,Swapos V2,Error K Value Attack,~$468k,,DeFiHackLabs
20230415,2023,4,15,HundredFinance,Donate Inflation Exchangerate && Rounding Error,$7M,,DeFiHackLabs
20230413,2023,4,13,yearnFinance,Misconfiguration,$11.6M,,DeFiHackLabs
20230412,2023,4,12,MetaPoint,Unrestricted Approval,$820k(2500BNB),,DeFiHackLabs
20230411,2023,4,11,Paribus,Reentrancy,$100k,,DeFiHackLabs
20230409,2023,4,9,SushiSwap,Unchecked User Input,>$3.3M,,DeFiHackLabs
20230405,2023,4,5,Sentiment,Read-Only-Reentrancy,$1M,,DeFiHackLabs
20230402,2023,4,2,Allbridge,Flash Loan + Price Manipulation,$550k,,DeFiHackLabs
20230328,2023,3,28,SafeMoon Hack,Access Control Flaw,$8.9M,,DeFiHackLabs
20230328,2023,3,28,- Thena,Yield Protocol Flaw,$10k,,DeFiHackLabs
20230325,2023,3,25,- DBW,Business Logic,$24k,,DeFiHackLabs
20230322,2023,3,22,- BIGFI,Reflection Token,$30k,,DeFiHackLabs
20230317,2023,3,17,- ParaSpace NFT,Flashloan + Scaledbalanceof Manipulation,,,DeFiHackLabs
20230315,2023,3,15,- Poolz,Integer Overflow,~$390K,,DeFiHackLabs
20230313,2023,3,13,- EulerFinance,Business Logic,~$200M,,DeFiHackLabs
20230308,2023,3,8,- DKP,Flash Loan + Price Manipulation,~$80K,,DeFiHackLabs
20230307,2023,3,7,- Phoenix,Access Control & Arbitrary External Call,~$100k,,DeFiHackLabs
20230227,2023,2,27,- LaunchZone,Access Control Flaw,"~$320,000",,DeFiHackLabs
20230227,2023,2,27,- swapX,Access Control Flaw,~$1M,,DeFiHackLabs
20230224,2023,2,24,- EFVault,Storage Collision,~$5.1M,,DeFiHackLabs
20230222,2023,2,22,- DYNA,Business Logic,~$21k,,DeFiHackLabs
20230218,2023,2,18,- RevertFinance,Arbitrary External Call Vulnerability,~$30k,,DeFiHackLabs
20230217,2023,2,17,- Starlink,Business Logic,~$12k,,DeFiHackLabs
20230217,2023,2,17,- Dexible,Arbitrary External Call Vulnerability,~$1.5M,,DeFiHackLabs
20230217,2023,2,17,- Platypusdefi,Business Logic,~$8.5M,,DeFiHackLabs
20230210,2023,2,10,- Sheep,Reflection Token,~$3K,,DeFiHackLabs
20230210,2023,2,10,- dForce,Read-Only-Reentrancy,~$3.65M,,DeFiHackLabs
20230207,2023,2,7,- CowSwap,Arbitrary External Call Vulnerability,~$120k,,DeFiHackLabs
20230206,2023,2,6,- FDP,Reflection Token,~16 WBNB,6400.0,DeFiHackLabs
20230203,2023,2,3,- Spherax USDs,Balance Recalculation Bug,~309k USDs (Stablecoin),309000.0,DeFiHackLabs
20230203,2023,2,3,- Orion Protocol,Reentrancy,$3M,,DeFiHackLabs
20230202,2023,2,2,- BonqDAO,Price Oracle Manipulation,BEUR stablecoin and ALBT Token (~88M US$),88000000.0,DeFiHackLabs
20230130,2023,1,30,- BEVO,Reflection Token,144 BNB,57600.0,DeFiHackLabs
20230126,2023,1,26,- TINU,Reflection Token,22 ETH,55000.0,DeFiHackLabs
20230119,2023,1,19,- SHOCO,Reflection Token,~4ETH,,DeFiHackLabs
20230119,2023,1,19,- ThoreumFinance,Business Logic,~2000 BNB,800000.0,DeFiHackLabs
20230118,2023,1,18,- QTNToken,Business Logic,~2ETH,,DeFiHackLabs
20230118,2023,1,18,- UPSToken,Business Logic,~22 ETH,55000.0,DeFiHackLabs
20230117,2023,1,17,- OmniEstate,No Input Parameter Check,$70k(236 BNB),94400.0,DeFiHackLabs
20230116,2023,1,16,- MidasCapital,Read-Only Reentrancy,$650k,,DeFiHackLabs
20230111,2023,1,11,- UFDao,Incorrect Parameter Setting,$90k,,DeFiHackLabs
20230111,2023,1,11,- RoeFinance,Flash Loan + Price Manipulation,$80k,,DeFiHackLabs
20230110,2023,1,10,- BRA,Business Logic,819 BNB (~224k$),224000.0,DeFiHackLabs
20230103,2023,1,3,- GDS,Business Logic,$180k,,DeFiHackLabs
20221230,2022,12,30,- DFS,Insufficient Validation + Flashloan,$1450,,DeFiHackLabs
20221229,2022,12,29,- JAY,Insufficient Validation + Reentrancy,~15.32 ETH,38300.0,DeFiHackLabs
20221225,2022,12,25,- Rubic,Arbitrary External Call Vulnerability,$1.5M,,DeFiHackLabs
20221223,2022,12,23,- Defrost,Reentrancy,$170k,,DeFiHackLabs
20221214,2022,12,14,- Nmbplatform,Flash Loan + Price Manipulation,76k,,DeFiHackLabs
20221214,2022,12,14,- FPR,Access Control Flaw,$29k,,DeFiHackLabs
20221213,2022,12,13,- ElasticSwap,Business Logic,$845k,,DeFiHackLabs
20221212,2022,12,12,- BGLD (Deflationary token),Flash Loan + Price Manipulation,$18k,,DeFiHackLabs
20221211,2022,12,11,- Lodestar,Flash Loan + Price Manipulation,$4M,,DeFiHackLabs
20221211,2022,12,11,- MEVbot_0x28d9,Insufficient Validation,$2k $USDT,2000.0,DeFiHackLabs
20221210,2022,12,10,- MU&MUG,Flash Loan + Price Manipulation,$57k,,DeFiHackLabs
20221210,2022,12,10,- TIFIToken,Flash Loan + Price Manipulation,87 WBNB,34800.0,DeFiHackLabs
20221209,2022,12,9,- NOVAToken,Malicious Unlimted Minting (Rugged),330 $BNB,330.0,DeFiHackLabs
20221207,2022,12,7,- AES (Deflationary token),Business Logic Flaw & Flashloan Price Manipulation,$60k,,DeFiHackLabs
20221205,2022,12,5,- RFB,Predicting Random Numbers,12BNB,,DeFiHackLabs
20221205,2022,12,5,- BBOX,Flash Loan + Price Manipulation,12k,,DeFiHackLabs
20221202,2022,12,2,- OverNight,Flashloan Attack,170k,,DeFiHackLabs
20221201,2022,12,1,- APC,Flashloan & Price Manipulation,$6k,,DeFiHackLabs
20221129,2022,11,29,- MBC & ZZSH,Business Logic Flaw & Access Control,$5.9k,,DeFiHackLabs
20221129,2022,11,29,- SEAMAN,Business Logic,$7k,,DeFiHackLabs
20221123,2022,11,23,- NUM,Protocol Token Incompatible,$13k,,DeFiHackLabs
20221122,2022,11,22,- AUR,Lack Of Permission Check,$13k,,DeFiHackLabs
20221121,2022,11,21,- sDAO,Business Logic,$13k,,DeFiHackLabs
20221119,2022,11,19,- AnnexFinance,Verify Flashloan Callback,$3k,,DeFiHackLabs
20221118,2022,11,18,- Polynomial,No Input Validation,~1.4K USD,1400.0,DeFiHackLabs
20221117,2022,11,17,- UEarnPool,Flashloan Attack,$24k,,DeFiHackLabs
20221116,2022,11,16,- SheepFarm,No Input Validation,~1BNB,,DeFiHackLabs
20221110,2022,11,10,- DFXFinance,Reentrancy,$4M,,DeFiHackLabs
20221109,2022,11,9,BrahTOPG,Arbitrary External Call Vulnerability,$89k,,DeFiHackLabs
20221108,2022,11,8,MEV_0ad8,Arbitrary Call,$282k,,DeFiHackLabs
20221108,2022,11,8,Kashi,Price-Caching Design Defect,$110k,,DeFiHackLabs
20221107,2022,11,7,MooCAKECTX,Flashloan Attack,$140k,,DeFiHackLabs
20221105,2022,11,5,BDEX,Business Logic,16WBNB,,DeFiHackLabs
20221027,2022,10,27,VTF Token,Incorrect Reward Calculation,$50k,,DeFiHackLabs
20221027,2022,10,27,Team Finance,Liquidity Migration Exploit,Multiple Tokens ~$15.8M US$,15800000.0,DeFiHackLabs
20221026,2022,10,26,N00d Token,Reentrancy,$29k,,DeFiHackLabs
20221025,2022,10,25,ULME,Access Control Flaw,~250k US$ which resulted in ~50k profit,250000.0,DeFiHackLabs
20221024,2022,10,24,Market,Read-Only Reentrancy,$220k,,DeFiHackLabs
20221024,2022,10,24,MulticallWithoutCheck,Arbitrary External Call Vulnerability,$600,,DeFiHackLabs
20221021,2022,10,21,OlympusDAO,No Input Validation,~$292K (30500 OHM),,DeFiHackLabs
20221020,2022,10,20,HEALTH,Transfer Logic Flaw,16 BNB,6400.0,DeFiHackLabs
20221020,2022,10,20,BEGO,Incorrect Signature Verification,12 BNB,4800.0,DeFiHackLabs
20221018,2022,10,18,HPAY,Access Control Flaw,115 BNB,46000.0,DeFiHackLabs
20221018,2022,10,18,PLTD,Transfer Logic Flaw,$ 24k,,DeFiHackLabs
20221017,2022,10,17,Uerii Token,Access Control Flaw,$2.4 k,,DeFiHackLabs
20221014,2022,10,14,INUKO,Flash Loan + Price Manipulation,$50k,,DeFiHackLabs
20221014,2022,10,14,EFLeverVault,Verify Flashloan Callback,750 ETH,1875000.0,DeFiHackLabs
20221014,2022,10,14,MEVBOTa47b,Price Oracle Manipulation,~187.75 WETH,469375.0,DeFiHackLabs
20221012,2022,10,12,ATK,Flashloan Manipulate Price,~127K BUSD,,DeFiHackLabs
20221011,2022,10,11,Rabby Wallet SwapRouter,Arbitrary External Call Vulnerability,"~200,000 US$",200000.0,DeFiHackLabs
20221011,2022,10,11,Templedao,Insufficient Access Control,$2.3 million,,DeFiHackLabs
20221010,2022,10,10,Carrot,Public Functioncall,"31,318 BUSDT",31318000000000.0,DeFiHackLabs
20221009,2022,10,9,Xave Finance,Malicious Proposal Mint & Transfer Ownership,"100,000,000,000,000 RNBW",,DeFiHackLabs
20221006,2022,10,6,RES-Token,Pair Manipulate,,,DeFiHackLabs
20221002,2022,10,2,Transit Swap,Incorrect Owner Address Validation,over $21 Million,,DeFiHackLabs
20221001,2022,10,1,BabySwap,Parameter Access Control,,,DeFiHackLabs
20221001,2022,10,1,RL Token,Incorrect Reward Calculation,,,DeFiHackLabs
20221001,2022,10,1,Thunder Brawl,Reentrancy,,,DeFiHackLabs
20220928,2022,9,28,BXH,Flashloan & Price Oracle Manipulation,"$40,305",,DeFiHackLabs
20220928,2022,9,28,MEVBOT,Arbitrary Call,"$1,469,700",,DeFiHackLabs
20220923,2022,9,23,RADT-DAO,Pair Manipulate,,,DeFiHackLabs
20220913,2022,9,13,MevBot private tx,Incorrect Access Control,$140 K,,DeFiHackLabs
20220909,2022,9,9,DPC,Incorrect Reward Calculation,,,DeFiHackLabs
20220908,2022,9,8,YYDS,Pair Manipulate,,,DeFiHackLabs
20220908,2022,9,8,Ragnarok Online Invasion,Broken Access Control,,,DeFiHackLabs
20220908,2022,9,8,NewFreeDAO,Flashloans Attack,,,DeFiHackLabs
20220906,2022,9,6,NXUSD,Flashloan Price Oracle Manipulation,,,DeFiHackLabs
20220905,2022,9,5,ZoomproFinance,Flashloans & Price Manipulation,,,DeFiHackLabs
20220902,2022,9,2,ShadowFi,Access Control Flaw,,,DeFiHackLabs
20220902,2022,9,2,Bad Guys by RPF,Business Logic Flaw : Missing Check For Number Of Nft To Mint,,,DeFiHackLabs
20220828,2022,8,28,DDC,Unchecked External Calls,,,DeFiHackLabs
20220824,2022,8,24,LuckyTiger NFT,Predicting Random Numbers,,,DeFiHackLabs
20220816,2022,8,16,Circle,Price Manipulation,~$151.6K,,DeFiHackLabs
20220813,2022,8,13,Circle,Price Manipulation,~$50.5K,,DeFiHackLabs
20220810,2022,8,10,XSTABLE Protocol,Incorrect Logic Check,,,DeFiHackLabs
20220809,2022,8,9,ANCH,Skim Token Balance,,,DeFiHackLabs
20220807,2022,8,7,EGD Finance,Flashloans & Price Manipulation,,,DeFiHackLabs
20220804,2022,8,4,EtnProduct,Business Logic,,,DeFiHackLabs
20220803,2022,8,3,Qixi,Underflow,,,DeFiHackLabs
20220802,2022,8,2,Nomad Bridge,Business Logic Flaw : Incorrect Acceptable Merkle-Root Checks,,,DeFiHackLabs
20220801,2022,8,1,Reaper Farm,Business Logic Flaw : Lack Of Access Control Mechanism,,,DeFiHackLabs
20220725,2022,7,25,LPC,"Business Logic Flaw : Incorrect Recipient Balance Check, Did Not Check Sender!=Recipient In Transfer",,,DeFiHackLabs
20220723,2022,7,23,Audius,Storage Collision & Malicious Proposal,,,DeFiHackLabs
20220713,2022,7,13,SpaceGodzilla,Flashloans & Price Manipulation,,,DeFiHackLabs
20220710,2022,7,10,Omni NFT,Reentrancy,,,DeFiHackLabs
20220706,2022,7,6,FlippazOne NFT,Accesscontrol,,,DeFiHackLabs
20220701,2022,7,1,Quixotic,Optimism Nft Marketplace,,,DeFiHackLabs
20220626,2022,6,26,XCarnival,Infinite Number Of Loans,,,DeFiHackLabs
20220624,2022,6,24,Harmony's Horizon Bridge,Private Key Compromised,,,DeFiHackLabs
20220618,2022,6,18,SNOOD,Miscalculation On \_Spendallowance,,,DeFiHackLabs
20220616,2022,6,16,InverseFinance,Flashloan & Price Oracle Manipulation,,,DeFiHackLabs
20220608,2022,6,8,GYMNetwork,Accesscontrol,,,DeFiHackLabs
20220608,2022,6,8,Optimism,Wintermute,,,DeFiHackLabs
20220606,2022,6,6,Discover,Flashloan & Price Oracle Manipulation,,,DeFiHackLabs
20220529,2022,5,29,NOVO Protocol,Flashloan & Price Oracle Manipulation,,,DeFiHackLabs
20220524,2022,5,24,HackDao,Skim Token Balance,,,DeFiHackLabs
20220517,2022,5,17,ApeCoin (APE),Flash Loan,,,DeFiHackLabs
20220508,2022,5,8,Fortress Loans,Malicious Proposal & Price Oracle Manipulation,,,DeFiHackLabs
20220430,2022,4,30,Saddle Finance,Swap Metapool Attack,$10 million,,DeFiHackLabs
20220430,2022,4,30,Rari Capital/Fei Protocol,Flashloan Attack + Reentrancy,,,DeFiHackLabs
20220428,2022,4,28,DEUS DAO,Flashloan & Price Oracle Manipulation,,,DeFiHackLabs
20220424,2022,4,24,Wiener DOGE,Flash Loan,,,DeFiHackLabs
20220423,2022,4,23,Akutar NFT,Denial Of Service,,,DeFiHackLabs
20220421,2022,4,21,Zeed Finance,Incorrect Calculation,,,DeFiHackLabs
20220416,2022,4,16,BeanstalkFarms,Dao + Flashloan,,,DeFiHackLabs
20220415,2022,4,15,Rikkei Finance,Access Control & Price Oracle Manipulation,,,DeFiHackLabs
20220412,2022,4,12,ElephantMoney,Flashloan & Price Oracle Manipulation,,,DeFiHackLabs
20220411,2022,4,11,Creat Future,Overflow,,,DeFiHackLabs
20220409,2022,4,9,GYMNetwork,Flashloan + Token Migrate Flaw,,,DeFiHackLabs
20220329,2022,3,29,Ronin Network,Bridge,,,DeFiHackLabs
20220329,2022,3,29,Redacted Cartel,Custom Approval Logic,,,DeFiHackLabs
20220327,2022,3,27,Revest Finance,Reentrancy,,,DeFiHackLabs
20220326,2022,3,26,Auctus,Arbitrary Call,,,DeFiHackLabs
20220322,2022,3,22,CompoundTUSDSweepTokenBypass,Insufficient Validation,,,DeFiHackLabs
20220321,2022,3,21,OneRing Finance,Flashloan & Price Oracle Manipulation,,,DeFiHackLabs
20220320,2022,3,20,Li.Fi,Bridges,,,DeFiHackLabs
20220320,2022,3,20,Umbrella Network,Underflow,,,DeFiHackLabs
20220313,2022,3,13,Hundred Finance,Erc667 Reentrancy,,,DeFiHackLabs
20220315,2022,3,15,Agave Finance,Erc667 Reentrancy,,,DeFiHackLabs
20220313,2022,3,13,Paraluni,Flashloan & Reentrancy,,,DeFiHackLabs
20220309,2022,3,9,Fantasm Finance,Business Logic In Mint(),,,DeFiHackLabs
20220305,2022,3,5,Bacon Protocol,Reentrancy,,,DeFiHackLabs
20220303,2022,3,3,TreasureDAO,Zero Fee,,,DeFiHackLabs
20220214,2022,2,14,BuildFinance,Dao,,,DeFiHackLabs
20220208,2022,2,8,Sandbox LAND,Access Control Flaw,,,DeFiHackLabs
20220206,2022,2,6,Meter,Bridge,,,DeFiHackLabs
20220204,2022,2,4,TecraSpace,Any Token Is Destroyed,,,DeFiHackLabs
20220128,2022,1,28,Qubit Finance,Bridge Address(0).Safetransferfrom() Does Not Revert,,,DeFiHackLabs
20220118,2022,1,18,Multichain (Anyswap),Insufficient Token Validation,,,DeFiHackLabs
20211221,2021,12,21,Visor Finance,Reentrancy,,,DeFiHackLabs
20211218,2021,12,18,Grim Finance,Flashloan & Reentrancy,,,DeFiHackLabs
20211214,2021,12,14,Nerve Bridge,Swap Metapool Attack,,,DeFiHackLabs
20211130,2021,11,30,MonoX Finance,Price Manipulation,,,DeFiHackLabs
20211123,2021,11,23,Ploutoz,Flash Loan,,,DeFiHackLabs
20211027,2021,10,27,CreamFinance,Price Manipulation,,,DeFiHackLabs
20211015,2021,10,15,Indexed Finance,Price Manipulation,,,DeFiHackLabs
20210916,2021,9,16,SushiSwap Miso,Insufficient Validation,,,DeFiHackLabs
20210915,2021,9,15,Nimbus Platform,Incorrect Calculation,,,DeFiHackLabs
20210915,2021,9,15,NowSwap Platform,Incorrect Calculation,,,DeFiHackLabs
20210912,2021,9,12,ZABU Finance,Deflationary Token Uncompatible,,,DeFiHackLabs
20210903,2021,9,3,DAO Maker,Bad Access Controal,,,DeFiHackLabs
20210830,2021,8,30,Cream Finance,Flashloan Attack + Reentrancy,,,DeFiHackLabs
20210817,2021,8,17,XSURGE,Flashloan Attack + Reentrancy,,,DeFiHackLabs
20210811,2021,8,11,Poly Network,"Bridge, Getting Around Modifier Through Cross-Chain Message",,,DeFiHackLabs
20210804,2021,8,4,WaultFinace,Flash Loan + Price Manipulation,,,DeFiHackLabs
20210804,2021,8,4,Popsicle,Repeated Reward Claim - Logic Flaw,,,DeFiHackLabs
20210728,2021,7,28,Levyathan Finance,(I) Lost Keys And Minting (Ii) Vulnerable Emergencywithdraw,,,DeFiHackLabs
20210710,2021,7,10,Chainswap,"Bridge, Logic Flaw",,,DeFiHackLabs
20210702,2021,7,2,Chainswap,"Bridge, Logic Flaw",,,DeFiHackLabs
20210628,2021,6,28,SafeDollar,Deflationary Token Uncompatible,$.2 million,,DeFiHackLabs
20210625,2021,6,25,xWin Finance,Subscription-Incentive-Mechanism,~$300k,,DeFiHackLabs
20210622,2021,6,22,Eleven Finance,Doesn’T Burn Shares,,,DeFiHackLabs
20210607,2021,6,7,88mph NFT,Access Control Flaw,,,DeFiHackLabs
20210603,2021,6,3,PancakeHunny,Incorrect Calculation,,,DeFiHackLabs
20210527,2021,5,27,JulSwap,Flash Loan,1.5M,,DeFiHackLabs
20210527,2021,5,27,BurgerSwap,Mathematical Flaw + Reentrancy,,,DeFiHackLabs
20210519,2021,5,19,PancakeBunny,Price Oracle Manipulation,,,DeFiHackLabs
20210516,2021,5,16,bEarn,Business Logic,11M,,DeFiHackLabs
20210509,2021,5,9,RariCapital,Cross Contract Reentrancy,,,DeFiHackLabs
20210508,2021,5,8,Value Defi,Cross Contract Reentrancy,,,DeFiHackLabs
20210502,2021,5,2,Spartan,Business Logic,,,DeFiHackLabs
20210428,2021,4,28,Uranium,Miscalculation,,,DeFiHackLabs
20200912,2021,9,12,bzx,Incorrect Transfer,```sh,,DeFiHackLabs
20180424,2021,4,24,SmartMesh,Overflow,140M,,DeFiHackLabs
20210308,2021,3,8,DODO,Flashloan Attack,,,DeFiHackLabs
20210305,2021,3,5,Paid Network,Private Key Compromised,,,DeFiHackLabs
20210204,2021,2,4,Yearn YDai,Slippage Proection Absent,,,DeFiHackLabs
20210125,2021,1,25,Sushi Badger Digg,Sandwich Attack,,,DeFiHackLabs
20201229,2021,12,29,Cover Protocol,Incorrect Calculation Via Cached Data,,,DeFiHackLabs
20201121,2021,11,21,Pickle Finance,Insufficient Validation,,,DeFiHackLabs
20201026,2021,10,26,Harvest Finance,Flashloan Attack,,,DeFiHackLabs
20200804,2021,8,4,Opyn Protocol,Msgvalue In Loop,,,DeFiHackLabs
20200628,2021,6,28,Balancer Protocol,Token Incompatible,,,DeFiHackLabs
20200618,2021,6,18,Bancor Protocol,Access Control Flaw,,,DeFiHackLabs
20200419,2021,4,19,LendfMe,Erc777 Reentrancy,,,DeFiHackLabs
20200418,2021,4,18,UniSwapV1,Erc777 Reentrancy,,,DeFiHackLabs
20181007,2021,10,7,SpankChain,Reentrancy,155 $ETH,155.0,DeFiHackLabs
20180422,2021,4,22,Beauty Chain,Integer Overflow,,,DeFiHackLabs
20171106,2021,11,6,Parity,'Accidentally Killed It',,,DeFiHackLabs
20170719,2021,7,19,Parity Multisig,Delegatecall To Unprotected Initwallet,,,DeFiHackLabs
